file,class,type,cbo,cboModified,fanin,fanout,wmc,dit,noc,rfc,lcom,lcom*,tcc,lcc,totalMethodsQty,staticMethodsQty,publicMethodsQty,privateMethodsQty,protectedMethodsQty,defaultMethodsQty,visibleMethodsQty,abstractMethodsQty,finalMethodsQty,synchronizedMethodsQty,totalFieldsQty,staticFieldsQty,publicFieldsQty,privateFieldsQty,protectedFieldsQty,defaultFieldsQty,finalFieldsQty,synchronizedFieldsQty,nosi,loc,returnQty,loopQty,comparisonsQty,tryCatchQty,parenthesizedExpsQty,stringLiteralsQty,numbersQty,assignmentsQty,mathOperationsQty,variablesQty,maxNestedBlocksQty,anonymousClassesQty,innerClassesQty,lambdasQty,uniqueWordsQty,modifiers,logStatementsQty
D:\Others\assignment\FADI_WEDYAN_OOPS\Final_Project_2_Repos\junit-4.1\junit-4.10\org\junit\runner\Request.java,org.junit.runner.Request,class,12,20,8,12,12,1,3,9,55,0.0,0.0,0.0,11,7,11,0,0,0,11,1,0,0,0,0,0,0,0,0,0,0,7,46,10,0,0,1,0,1,0,3,0,3,1,1,0,0,158,1025,0
D:\Others\assignment\FADI_WEDYAN_OOPS\Final_Project_2_Repos\junit-4.1\junit-4.10\org\junit\experimental\theories\ParameterSignature.java,org.junit.experimental.theories.ParameterSignature,class,2,7,5,2,20,1,0,18,18,0.5416666,0.0,0.0,12,3,9,3,0,0,9,0,0,0,2,0,0,2,0,0,2,0,3,53,15,3,3,0,0,0,4,6,1,6,2,0,0,0,28,1,0
D:\Others\assignment\FADI_WEDYAN_OOPS\Final_Project_2_Repos\junit-4.1\junit-4.10\org\junit\internal\matchers\SubstringMatcher.java,org.junit.internal.matchers.SubstringMatcher,class,3,5,2,3,5,3,1,4,8,0.6,0.0,0.0,5,0,2,0,3,0,5,2,0,0,1,0,0,0,1,0,1,0,0,14,1,0,0,0,0,2,0,1,0,1,0,0,0,0,14,1025,0
D:\Others\assignment\FADI_WEDYAN_OOPS\Final_Project_2_Repos\junit-4.1\junit-4.10\org\junit\rules\ExpectedException.java,org.junit.rules.ExpectedException$ExpectedExceptionStatement,innerclass,3,3,0,3,5,2,0,3,0,0.0,0.0,0.0,2,0,2,0,0,0,2,0,0,0,1,0,0,1,0,0,1,0,2,17,1,0,2,1,0,1,0,1,1,1,2,0,0,0,15,2,0
D:\Others\assignment\FADI_WEDYAN_OOPS\Final_Project_2_Repos\junit-4.1\junit-4.10\org\junit\internal\builders\NullBuilder.java,org.junit.internal.builders.NullBuilder,class,2,3,1,2,1,2,0,0,0,0.0,NaN,NaN,1,0,1,0,0,0,1,0,0,0,0,0,0,0,0,0,0,0,0,5,1,0,0,0,0,0,0,0,0,0,0,0,0,0,9,1,0
D:\Others\assignment\FADI_WEDYAN_OOPS\Final_Project_2_Repos\junit-4.1\junit-4.10\junit\framework\TestSuite.java,junit.framework.TestSuite,class,5,12,7,5,48,1,1,45,259,0.7692308,0.0,0.0,26,4,20,6,0,0,20,0,0,0,2,0,0,2,0,0,0,0,17,154,24,5,4,4,4,22,7,14,9,10,3,1,0,0,156,1,0
D:\Others\assignment\FADI_WEDYAN_OOPS\Final_Project_2_Repos\junit-4.1\junit-4.10\org\junit\ComparisonFailure.java,org.junit.ComparisonFailure$ComparisonCompactor,innerclass,2,2,0,2,20,1,0,13,0,0.59375,NaN,NaN,8,0,1,7,0,0,1,0,0,0,8,3,0,8,0,0,3,0,5,54,6,2,4,0,2,5,10,17,19,15,2,0,0,0,47,10,0
D:\Others\assignment\FADI_WEDYAN_OOPS\Final_Project_2_Repos\junit-4.1\junit-4.10\org\junit\runner\notification\RunNotifier.java,org.junit.runner.notification.RunNotifier$Anonymous6,anonymous,1,1,0,1,1,1,0,1,0,0.0,NaN,NaN,1,0,0,0,1,0,1,0,0,0,0,0,0,0,0,0,0,0,0,5,0,0,0,0,0,0,0,0,0,0,0,0,0,0,6,-1,0
D:\Others\assignment\FADI_WEDYAN_OOPS\Final_Project_2_Repos\junit-4.1\junit-4.10\org\junit\runner\notification\RunNotifier.java,org.junit.runner.notification.RunNotifier$Anonymous5,anonymous,1,1,0,1,1,1,0,1,0,0.0,NaN,NaN,1,0,0,0,1,0,1,0,0,0,0,0,0,0,0,0,0,0,0,5,0,0,0,0,0,0,0,0,0,0,0,0,0,0,6,-1,0
D:\Others\assignment\FADI_WEDYAN_OOPS\Final_Project_2_Repos\junit-4.1\junit-4.10\org\junit\internal\requests\SortingRequest.java,org.junit.internal.requests.SortingRequest,class,4,6,2,4,2,2,0,2,0,0.0,0.0,0.0,2,0,2,0,0,0,2,0,0,0,2,0,0,2,0,0,2,0,0,13,1,0,0,0,0,0,0,3,0,3,0,0,0,0,10,1,0
D:\Others\assignment\FADI_WEDYAN_OOPS\Final_Project_2_Repos\junit-4.1\junit-4.10\org\junit\runner\notification\RunNotifier.java,org.junit.runner.notification.RunNotifier$Anonymous4,anonymous,1,1,0,1,1,1,0,1,0,0.0,NaN,NaN,1,0,0,0,1,0,1,0,0,0,0,0,0,0,0,0,0,0,0,5,0,0,0,0,0,0,0,0,0,0,0,0,0,0,6,-1,0
D:\Others\assignment\FADI_WEDYAN_OOPS\Final_Project_2_Repos\junit-4.1\junit-4.10\junit\extensions\TestSetup.java,junit.extensions.TestSetup,class,4,5,1,4,4,3,0,1,6,0.0,0.0,0.0,4,0,2,0,2,0,4,0,0,0,0,0,0,0,0,0,0,0,0,20,0,0,0,0,0,0,0,1,0,1,0,1,0,0,38,1,0
D:\Others\assignment\FADI_WEDYAN_OOPS\Final_Project_2_Repos\junit-4.1\junit-4.10\org\junit\runner\notification\RunNotifier.java,org.junit.runner.notification.RunNotifier$Anonymous3,anonymous,1,1,0,1,1,1,0,1,0,0.0,NaN,NaN,1,0,0,0,1,0,1,0,0,0,0,0,0,0,0,0,0,0,0,5,0,0,0,0,0,0,0,0,0,0,0,0,0,0,6,-1,0
D:\Others\assignment\FADI_WEDYAN_OOPS\Final_Project_2_Repos\junit-4.1\junit-4.10\org\junit\internal\ArrayComparisonFailure.java,org.junit.internal.ArrayComparisonFailure,class,1,3,2,1,6,4,0,7,2,0.625,0.0,0.0,4,0,4,0,0,0,4,0,0,0,4,1,0,4,0,0,3,0,0,30,2,1,1,0,0,4,2,5,0,5,1,0,0,0,62,1,0
D:\Others\assignment\FADI_WEDYAN_OOPS\Final_Project_2_Repos\junit-4.1\junit-4.10\org\junit\runner\notification\RunNotifier.java,org.junit.runner.notification.RunNotifier$Anonymous7,anonymous,1,1,0,1,1,1,0,1,0,0.0,NaN,NaN,1,0,0,0,1,0,1,0,0,0,0,0,0,0,0,0,0,0,0,5,0,0,0,0,0,0,0,0,0,0,0,0,0,0,6,-1,0
D:\Others\assignment\FADI_WEDYAN_OOPS\Final_Project_2_Repos\junit-4.1\junit-4.10\org\junit\runner\notification\RunNotifier.java,org.junit.runner.notification.RunNotifier$Anonymous2,anonymous,1,1,0,1,1,1,0,1,0,0.0,NaN,NaN,1,0,0,0,1,0,1,0,0,0,0,0,0,0,0,0,0,0,0,5,0,0,0,0,0,0,0,0,0,0,0,0,0,0,6,-1,0
D:\Others\assignment\FADI_WEDYAN_OOPS\Final_Project_2_Repos\junit-4.1\junit-4.10\org\junit\runner\notification\RunNotifier.java,org.junit.runner.notification.RunNotifier$Anonymous1,anonymous,1,1,0,1,1,1,0,1,0,0.0,NaN,NaN,1,0,0,0,1,0,1,0,0,0,0,0,0,0,0,0,0,0,0,5,0,0,0,0,0,0,0,0,0,0,0,0,0,0,6,-1,0
D:\Others\assignment\FADI_WEDYAN_OOPS\Final_Project_2_Repos\junit-4.1\junit-4.10\org\junit\rules\ErrorCollector.java,org.junit.rules.ErrorCollector,class,5,6,1,5,6,2,0,6,8,0.6,0.0,0.0,5,0,4,0,1,0,5,0,0,0,1,0,0,1,0,0,0,0,1,30,2,0,0,1,0,1,0,1,0,1,1,1,0,0,85,1,0
D:\Others\assignment\FADI_WEDYAN_OOPS\Final_Project_2_Repos\junit-4.1\junit-4.10\org\junit\internal\runners\InitializationError.java,org.junit.internal.runners.InitializationError,class,0,2,2,0,4,3,0,1,4,0.75,0.0,0.0,4,0,4,0,0,0,4,0,0,0,2,1,0,2,0,0,2,0,1,16,1,0,0,0,0,0,1,2,0,2,0,0,0,0,16,1,0
D:\Others\assignment\FADI_WEDYAN_OOPS\Final_Project_2_Repos\junit-4.1\junit-4.10\org\junit\runners\BlockJUnit4ClassRunner.java,org.junit.runners.BlockJUnit4ClassRunner$Anonymous1,anonymous,1,1,0,1,1,1,0,1,0,0.0,NaN,NaN,1,0,0,0,1,0,1,0,0,0,0,0,0,0,0,0,0,0,0,5,1,0,0,0,0,0,0,0,0,0,0,0,0,0,7,-1,0
D:\Others\assignment\FADI_WEDYAN_OOPS\Final_Project_2_Repos\junit-4.1\junit-4.10\org\junit\rules\Verifier.java,org.junit.rules.Verifier,class,4,6,2,4,2,1,1,0,1,0.0,0.0,0.0,2,0,1,0,1,0,2,0,0,0,0,0,0,0,0,0,0,0,0,13,1,0,0,0,0,0,0,0,0,0,0,1,0,0,47,1,0
D:\Others\assignment\FADI_WEDYAN_OOPS\Final_Project_2_Repos\junit-4.1\junit-4.10\org\junit\runner\Request.java,org.junit.runner.Request$Anonymous1,anonymous,1,1,0,1,1,1,0,0,0,0.0,NaN,NaN,1,0,1,0,0,0,1,0,0,0,0,0,0,0,0,0,0,0,0,5,1,0,0,0,0,0,0,0,0,0,0,0,0,0,3,-1,0
D:\Others\assignment\FADI_WEDYAN_OOPS\Final_Project_2_Repos\junit-4.1\junit-4.10\org\junit\rules\ExternalResource.java,org.junit.rules.ExternalResource,class,5,8,3,5,4,1,1,1,6,0.0,0.0,0.0,4,0,1,1,2,0,3,0,0,0,0,0,0,0,0,0,0,0,0,23,2,0,0,0,0,0,0,0,0,0,0,1,0,0,47,1025,0
D:\Others\assignment\FADI_WEDYAN_OOPS\Final_Project_2_Repos\junit-4.1\junit-4.10\org\junit\experimental\results\FailureList.java,org.junit.experimental.results.FailureList,class,3,4,1,3,4,1,0,2,0,0.0,0.0,0.0,2,0,2,0,0,0,2,0,0,0,1,0,0,1,0,0,1,0,0,19,1,1,0,1,0,1,0,3,0,3,2,0,0,0,13,0,0
D:\Others\assignment\FADI_WEDYAN_OOPS\Final_Project_2_Repos\junit-4.1\junit-4.10\junit\textui\ResultPrinter.java,junit.textui.ResultPrinter,class,7,9,2,7,23,1,0,26,134,0.91176474,0.0,0.0,17,0,7,0,8,2,17,0,0,1,2,0,0,0,0,2,0,0,2,79,3,1,3,0,1,24,8,4,7,3,1,0,0,0,53,1,1
D:\Others\assignment\FADI_WEDYAN_OOPS\Final_Project_2_Repos\junit-4.1\junit-4.10\org\junit\internal\runners\SuiteMethod.java,org.junit.internal.runners.SuiteMethod,class,3,6,3,3,4,3,1,7,1,0.0,0.0,0.0,2,1,2,0,0,0,2,0,0,0,0,0,0,0,0,0,0,0,2,20,1,0,0,1,0,2,0,4,1,2,2,0,0,0,38,1,0
D:\Others\assignment\FADI_WEDYAN_OOPS\Final_Project_2_Repos\junit-4.1\junit-4.10\org\junit\experimental\results\PrintableResult.java,org.junit.experimental.results.PrintableResult,class,7,10,3,7,6,1,0,8,0,0.16666667,0.0,0.0,6,2,5,1,0,0,5,0,0,0,1,0,0,1,0,0,0,0,2,23,4,0,0,0,0,0,0,2,0,2,0,0,0,0,52,1,0
D:\Others\assignment\FADI_WEDYAN_OOPS\Final_Project_2_Repos\junit-4.1\junit-4.10\org\junit\internal\matchers\Each.java,org.junit.internal.matchers.Each$Anonymous1,anonymous,3,3,0,3,2,1,0,3,1,0.0,0.0,0.0,2,0,2,0,0,0,2,0,0,0,0,0,0,0,0,0,0,0,0,9,1,0,0,0,0,1,0,0,0,0,0,0,0,0,7,-1,0
D:\Others\assignment\FADI_WEDYAN_OOPS\Final_Project_2_Repos\junit-4.1\junit-4.10\org\junit\internal\runners\statements\InvokeMethod.java,org.junit.internal.runners.statements.InvokeMethod,class,2,3,1,2,2,2,0,1,0,0.0,0.0,0.0,2,0,2,0,0,0,2,0,0,0,2,0,0,2,0,0,1,0,0,11,0,0,0,0,0,0,0,2,0,2,0,0,0,0,12,1,0
D:\Others\assignment\FADI_WEDYAN_OOPS\Final_Project_2_Repos\junit-4.1\junit-4.10\org\junit\runners\Parameterized.java,org.junit.runners.Parameterized$TestClassRunnerForParameters,innerclass,9,9,0,9,9,4,0,11,16,0.625,0.0,0.0,8,0,1,1,5,1,7,0,0,0,2,0,0,2,0,0,2,0,3,35,6,0,0,1,0,3,1,2,0,2,1,0,0,0,48,2,0
D:\Others\assignment\FADI_WEDYAN_OOPS\Final_Project_2_Repos\junit-4.1\junit-4.10\junit\extensions\ActiveTestSuite.java,junit.extensions.ActiveTestSuite,class,4,6,2,4,10,2,0,6,22,0.625,0.0,0.0,8,0,7,0,0,1,8,0,0,2,1,0,0,1,0,0,0,0,0,47,1,1,0,1,0,0,1,2,0,2,2,1,0,0,45,1,0
D:\Others\assignment\FADI_WEDYAN_OOPS\Final_Project_2_Repos\junit-4.1\junit-4.10\org\junit\experimental\theories\Theories.java,org.junit.experimental.theories.Theories,class,9,10,1,9,12,5,0,19,21,0.0,0.0,0.0,7,0,2,1,4,0,6,0,0,0,0,0,0,0,0,0,0,0,1,119,2,2,2,0,0,2,0,3,1,3,2,0,1,0,38,1,0
D:\Others\assignment\FADI_WEDYAN_OOPS\Final_Project_2_Repos\junit-4.1\junit-4.10\org\junit\internal\ComparisonCriteria.java,org.junit.internal.ComparisonCriteria,class,3,7,4,3,15,1,2,10,6,0.0,0.0,0.0,4,0,1,2,1,0,2,1,0,0,0,0,0,0,0,0,0,0,7,38,3,1,6,2,0,6,1,7,4,7,3,0,0,0,67,1025,0
D:\Others\assignment\FADI_WEDYAN_OOPS\Final_Project_2_Repos\junit-4.1\junit-4.10\org\junit\experimental\ParallelComputer.java,org.junit.experimental.ParallelComputer$Anonymous1$Anonymous2,anonymous,0,0,0,0,1,1,0,1,0,0.0,NaN,NaN,1,0,1,0,0,0,1,0,0,0,0,0,0,0,0,0,0,0,0,6,1,0,0,0,0,0,0,0,0,0,0,0,0,0,4,-1,0
D:\Others\assignment\FADI_WEDYAN_OOPS\Final_Project_2_Repos\junit-4.1\junit-4.10\org\junit\internal\requests\ClassRequest.java,org.junit.internal.requests.ClassRequest,class,4,5,1,4,3,2,0,1,1,0.33333334,0.0,0.0,3,0,3,0,0,0,3,0,0,0,2,0,0,2,0,0,1,0,0,14,1,0,0,0,0,0,0,2,0,2,0,0,0,0,16,1,0
D:\Others\assignment\FADI_WEDYAN_OOPS\Final_Project_2_Repos\junit-4.1\junit-4.10\org\junit\rules\Timeout.java,org.junit.rules.Timeout,class,4,4,0,4,2,1,0,0,0,0.0,0.0,0.0,2,0,2,0,0,0,2,0,0,0,1,0,0,1,0,0,1,0,0,9,1,0,0,0,0,0,0,1,0,1,0,0,0,0,36,1,0
D:\Others\assignment\FADI_WEDYAN_OOPS\Final_Project_2_Repos\junit-4.1\junit-4.10\junit\framework\TestCase.java,junit.framework.TestCase,class,4,12,8,4,21,2,0,17,58,0.61538464,0.0,0.0,13,0,9,0,4,0,13,0,0,0,1,0,0,1,0,0,0,0,4,79,5,0,2,4,0,7,1,9,3,4,3,0,0,0,188,1025,0
D:\Others\assignment\FADI_WEDYAN_OOPS\Final_Project_2_Repos\junit-4.1\junit-4.10\org\junit\runner\manipulation\Sorter.java,org.junit.runner.manipulation.Sorter$Anonymous1,anonymous,1,1,0,1,1,1,0,0,0,0.0,NaN,NaN,1,0,1,0,0,0,1,0,0,0,0,0,0,0,0,0,0,0,0,5,1,0,0,0,0,0,1,0,0,0,0,0,0,0,3,-1,0
D:\Others\assignment\FADI_WEDYAN_OOPS\Final_Project_2_Repos\junit-4.1\junit-4.10\org\junit\Test.java,org.junit.Test$None,class,0,0,0,0,1,2,0,0,0,1.0,-1.0,-1.0,1,0,0,1,0,0,0,0,0,0,1,1,0,1,0,0,1,0,0,5,0,0,0,0,0,0,1,1,0,1,0,0,0,0,12,8,0
D:\Others\assignment\FADI_WEDYAN_OOPS\Final_Project_2_Repos\junit-4.1\junit-4.10\org\junit\runner\manipulation\Filter.java,org.junit.runner.manipulation.Filter,class,4,16,12,4,8,1,2,1,10,0.8,0.0,0.0,5,1,5,0,0,0,5,2,0,0,1,1,1,0,0,0,0,0,0,51,4,0,2,0,1,0,0,3,0,3,1,3,0,0,93,1025,0
D:\Others\assignment\FADI_WEDYAN_OOPS\Final_Project_2_Repos\junit-4.1\junit-4.10\org\junit\runner\notification\RunNotifier.java,org.junit.runner.notification.RunNotifier$SafeNotifier,innerclass,4,4,0,4,4,1,0,6,1,0.0,0.0,0.0,2,0,0,0,1,1,2,1,0,0,0,0,0,0,0,0,0,0,0,14,0,1,0,1,0,0,0,1,0,1,3,0,0,0,15,1026,0
D:\Others\assignment\FADI_WEDYAN_OOPS\Final_Project_2_Repos\junit-4.1\junit-4.10\junit\framework\JUnit4TestCaseFacade.java,junit.framework.JUnit4TestCaseFacade,class,5,7,2,5,5,1,0,2,8,0.6,0.0,0.0,5,0,4,0,0,1,5,0,0,0,1,0,0,1,0,0,1,0,0,18,3,0,0,0,0,1,1,1,0,1,0,0,0,0,24,1,0
D:\Others\assignment\FADI_WEDYAN_OOPS\Final_Project_2_Repos\junit-4.1\junit-4.10\org\junit\experimental\max\MaxCore.java,org.junit.experimental.max.MaxCore$Anonymous1,anonymous,4,4,0,4,2,1,0,0,0,0.0,NaN,NaN,1,0,1,0,0,0,1,0,0,0,0,0,0,0,0,0,0,0,0,12,2,0,0,1,0,0,0,0,0,0,1,1,0,0,7,-1,0
D:\Others\assignment\FADI_WEDYAN_OOPS\Final_Project_2_Repos\junit-4.1\junit-4.10\org\junit\internal\requests\FilterRequest.java,org.junit.internal.requests.FilterRequest,class,4,5,1,4,3,2,0,5,0,0.0,0.0,0.0,2,0,2,0,0,0,2,0,0,0,2,0,0,2,0,0,2,0,1,18,2,0,0,1,0,1,0,3,0,3,1,0,0,0,31,17,0
D:\Others\assignment\FADI_WEDYAN_OOPS\Final_Project_2_Repos\junit-4.1\junit-4.10\org\junit\experimental\theories\internal\AllMembersSupplier.java,org.junit.experimental.theories.internal.AllMembersSupplier$MethodParameterValue,innerclass,3,3,0,3,6,2,0,2,0,0.0,0.0,0.0,3,0,2,1,0,0,2,0,0,0,1,0,0,1,0,0,1,0,0,23,2,0,0,1,0,2,0,1,0,1,1,0,0,0,30,8,0
D:\Others\assignment\FADI_WEDYAN_OOPS\Final_Project_2_Repos\junit-4.1\junit-4.10\org\junit\ComparisonFailure.java,org.junit.ComparisonFailure,class,1,2,1,1,4,4,0,2,0,0.5625,0.0,0.0,4,0,4,0,0,0,4,0,0,0,4,2,0,4,0,0,2,0,0,74,3,0,0,0,0,0,2,4,0,4,0,0,1,0,81,1,0
D:\Others\assignment\FADI_WEDYAN_OOPS\Final_Project_2_Repos\junit-4.1\junit-4.10\org\junit\runners\model\RunnerBuilder.java,org.junit.runners.model.RunnerBuilder,class,4,18,14,4,11,1,7,12,19,0.71428573,0.0,0.0,7,0,4,1,0,2,6,1,0,0,1,0,0,1,0,0,1,0,1,39,6,1,1,2,0,1,1,3,0,3,2,0,0,0,104,1025,0
D:\Others\assignment\FADI_WEDYAN_OOPS\Final_Project_2_Repos\junit-4.1\junit-4.10\org\junit\runner\manipulation\Filterable.java,org.junit.runner.manipulation.Filterable,interface,1,6,5,1,1,1,0,0,0,0.0,NaN,NaN,1,0,0,0,0,1,1,0,0,0,0,0,0,0,0,0,0,0,0,3,0,0,0,0,0,0,0,0,0,0,0,0,0,0,27,1,0
D:\Others\assignment\FADI_WEDYAN_OOPS\Final_Project_2_Repos\junit-4.1\junit-4.10\org\junit\rules\RunRules.java,org.junit.rules.RunRules,class,4,7,3,4,4,2,0,3,1,0.33333334,0.0,0.0,3,1,2,1,0,0,2,0,0,0,1,0,0,1,0,0,1,0,1,13,1,1,0,0,0,0,0,2,0,1,1,0,0,0,20,1,0
D:\Others\assignment\FADI_WEDYAN_OOPS\Final_Project_2_Repos\junit-4.1\junit-4.10\org\junit\internal\runners\model\EachTestNotifier.java,org.junit.internal.runners.model.EachTestNotifier,class,6,8,2,6,9,1,0,8,0,0.14285715,0.0,0.0,7,0,6,1,0,0,6,0,0,0,2,0,0,2,0,0,2,0,0,31,0,1,0,0,0,0,0,2,0,2,1,0,0,0,24,1,0
D:\Others\assignment\FADI_WEDYAN_OOPS\Final_Project_2_Repos\junit-4.1\junit-4.10\org\junit\runners\model\FrameworkMethod.java,org.junit.runners.model.FrameworkMethod$Anonymous1,anonymous,0,0,0,0,1,1,0,1,0,0.0,NaN,NaN,1,0,0,0,1,0,1,0,0,0,0,0,0,0,0,0,0,0,0,5,1,0,0,0,0,0,0,0,0,0,0,0,0,0,5,-1,0
D:\Others\assignment\FADI_WEDYAN_OOPS\Final_Project_2_Repos\junit-4.1\junit-4.10\org\junit\runner\notification\RunListener.java,org.junit.runner.notification.RunListener,class,3,20,17,3,7,1,5,0,21,0.0,0.0,0.0,7,0,7,0,0,0,7,0,0,0,0,0,0,0,0,0,0,0,0,16,0,0,0,0,0,0,0,0,0,0,0,0,0,0,97,1,0
D:\Others\assignment\FADI_WEDYAN_OOPS\Final_Project_2_Repos\junit-4.1\junit-4.10\junit\framework\TestFailure.java,junit.framework.TestFailure,class,3,6,3,3,7,1,0,6,11,0.5714286,0.0,0.0,7,0,7,0,0,0,7,0,0,0,2,0,0,0,2,0,0,0,0,32,6,0,0,0,0,1,0,6,1,6,0,0,0,0,41,1,0
D:\Others\assignment\FADI_WEDYAN_OOPS\Final_Project_2_Repos\junit-4.1\junit-4.10\org\junit\runner\Description.java,org.junit.runner.Description,class,2,49,47,2,33,1,0,27,223,0.89855075,0.0,0.0,23,4,20,3,0,0,20,0,0,0,6,3,2,4,0,0,6,0,5,95,27,2,2,1,1,5,7,12,0,11,2,0,0,0,197,1,0
D:\Others\assignment\FADI_WEDYAN_OOPS\Final_Project_2_Repos\junit-4.1\junit-4.10\org\junit\runner\notification\Failure.java,org.junit.runner.notification.Failure,class,2,20,18,2,7,1,0,8,9,0.7142857,0.0,0.0,7,0,7,0,0,0,7,0,0,0,3,1,0,3,0,0,3,0,0,33,6,0,0,0,0,1,1,7,1,7,0,0,0,0,72,1,0
D:\Others\assignment\FADI_WEDYAN_OOPS\Final_Project_2_Repos\junit-4.1\junit-4.10\junit\framework\TestSuite.java,junit.framework.TestSuite$Anonymous1,anonymous,1,1,0,1,1,1,0,1,0,0.0,NaN,NaN,1,0,0,0,1,0,1,0,0,0,0,0,0,0,0,0,0,0,1,5,0,0,0,0,0,0,0,0,0,0,0,0,0,0,4,-1,0
D:\Others\assignment\FADI_WEDYAN_OOPS\Final_Project_2_Repos\junit-4.1\junit-4.10\org\junit\experimental\theories\PotentialAssignment.java,org.junit.experimental.theories.PotentialAssignment$Anonymous1,anonymous,0,0,0,0,3,1,0,1,3,0.0,0.0,0.0,3,0,3,0,0,0,3,0,0,0,0,0,0,0,0,0,0,0,1,11,3,0,0,0,0,1,0,0,0,0,0,0,0,0,12,-1,0
D:\Others\assignment\FADI_WEDYAN_OOPS\Final_Project_2_Repos\junit-4.1\junit-4.10\org\junit\internal\runners\statements\FailOnTimeout.java,org.junit.internal.runners.statements.FailOnTimeout,class,3,6,3,3,7,3,0,9,4,0.5,0.0,0.0,5,0,2,3,0,0,2,0,0,0,2,0,0,2,0,0,2,0,1,47,1,0,1,0,0,1,0,5,0,5,1,0,1,0,22,1,0
D:\Others\assignment\FADI_WEDYAN_OOPS\Final_Project_2_Repos\junit-4.1\junit-4.10\org\junit\internal\builders\AllDefaultPossibilitiesBuilder.java,org.junit.internal.builders.AllDefaultPossibilitiesBuilder,class,9,13,4,9,10,2,0,7,19,0.71428573,0.0,0.0,7,0,2,0,5,0,7,0,0,0,1,0,0,1,0,0,1,0,1,30,8,1,1,0,0,0,0,3,0,3,2,0,0,0,30,1,0
D:\Others\assignment\FADI_WEDYAN_OOPS\Final_Project_2_Repos\junit-4.1\junit-4.10\org\junit\runners\model\NoGenericTypeParametersValidator.java,org.junit.runners.model.NoGenericTypeParametersValidator,class,1,3,2,1,14,1,0,11,9,0.5,0.0,0.0,6,0,0,4,0,2,2,0,0,0,1,0,0,1,0,0,1,0,0,27,0,4,0,0,0,2,0,1,1,1,3,0,0,0,21,0,0
D:\Others\assignment\FADI_WEDYAN_OOPS\Final_Project_2_Repos\junit-4.1\junit-4.10\org\junit\experimental\theories\Theories.java,org.junit.experimental.theories.Theories$TheoryAnchor$Anonymous1$Anonymous2,anonymous,3,3,0,3,3,1,0,6,0,0.0,NaN,NaN,1,0,1,0,0,0,1,0,0,0,0,0,0,0,0,0,0,0,0,14,0,0,0,1,0,0,0,0,0,0,1,0,0,0,16,-1,0
D:\Others\assignment\FADI_WEDYAN_OOPS\Final_Project_2_Repos\junit-4.1\junit-4.10\org\junit\runners\model\Statement.java,org.junit.runners.model.Statement,class,0,29,29,0,1,1,11,0,0,0.0,NaN,NaN,1,0,1,0,0,0,1,1,0,0,0,0,0,0,0,0,0,0,0,3,0,0,0,0,0,0,0,0,0,0,0,0,0,0,26,1025,0
D:\Others\assignment\FADI_WEDYAN_OOPS\Final_Project_2_Repos\junit-4.1\junit-4.10\junit\framework\Test.java,junit.framework.Test,interface,1,21,20,1,2,1,0,0,1,0.0,0.0,0.0,2,0,2,0,0,0,2,2,0,0,0,0,0,0,0,0,0,0,0,4,0,0,0,0,0,0,0,0,0,0,0,0,0,0,26,1,0
D:\Others\assignment\FADI_WEDYAN_OOPS\Final_Project_2_Repos\junit-4.1\junit-4.10\org\junit\matchers\JUnitMatchers.java,org.junit.matchers.JUnitMatchers,class,6,7,1,6,8,1,0,6,28,0.0,0.0,0.0,8,8,8,0,0,0,8,0,0,0,0,0,0,0,0,0,0,0,6,26,8,0,0,0,0,0,0,0,0,0,0,0,0,0,64,1,0
D:\Others\assignment\FADI_WEDYAN_OOPS\Final_Project_2_Repos\junit-4.1\junit-4.10\junit\extensions\ActiveTestSuite.java,junit.extensions.ActiveTestSuite$Anonymous1,anonymous,2,2,0,2,1,1,0,2,0,0.0,NaN,NaN,1,0,1,0,0,0,1,0,0,0,0,0,0,0,0,0,0,0,0,10,0,0,0,1,0,0,0,0,0,0,1,0,0,0,2,-1,0
D:\Others\assignment\FADI_WEDYAN_OOPS\Final_Project_2_Repos\junit-4.1\junit-4.10\junit\framework\JUnit4TestAdapter.java,junit.framework.JUnit4TestAdapter,class,13,15,2,13,16,1,0,19,26,0.6666667,0.0,0.0,12,0,10,2,0,0,10,0,0,0,3,0,0,3,0,0,3,0,2,50,8,1,1,0,0,0,0,6,0,6,2,0,0,0,37,1,0
D:\Others\assignment\FADI_WEDYAN_OOPS\Final_Project_2_Repos\junit-4.1\junit-4.10\org\junit\experimental\categories\Categories.java,org.junit.experimental.categories.Categories$CategoryFilter,innerclass,4,4,0,4,21,2,0,14,16,0.5625,0.0,0.0,8,1,4,4,0,0,4,0,0,0,2,0,0,2,0,0,2,0,3,43,15,3,6,0,0,1,2,6,1,6,2,0,0,0,29,9,0
D:\Others\assignment\FADI_WEDYAN_OOPS\Final_Project_2_Repos\junit-4.1\junit-4.10\org\junit\internal\runners\TestClass.java,org.junit.internal.runners.TestClass,class,5,10,5,5,24,1,0,17,46,0.5833333,0.0,0.0,12,0,6,4,0,2,8,0,0,0,1,0,0,1,0,0,1,0,1,62,15,5,3,0,0,0,1,8,0,7,3,0,0,0,54,1,0
D:\Others\assignment\FADI_WEDYAN_OOPS\Final_Project_2_Repos\junit-4.1\junit-4.10\org\junit\experimental\ParallelComputer.java,org.junit.experimental.ParallelComputer,class,6,7,1,6,9,2,0,4,11,0.6666667,0.0,0.0,6,3,4,1,1,0,5,0,0,0,2,0,0,2,0,0,2,0,2,49,5,0,0,0,1,0,0,4,0,4,1,1,0,0,20,1,0
D:\Others\assignment\FADI_WEDYAN_OOPS\Final_Project_2_Repos\junit-4.1\junit-4.10\org\junit\internal\runners\MethodValidator.java,org.junit.internal.runners.MethodValidator,class,8,10,2,8,17,1,0,18,0,0.35714287,0.0,0.0,7,0,6,1,0,0,6,0,0,0,2,0,0,2,0,0,1,0,3,48,1,1,4,1,0,15,2,5,5,5,2,0,0,0,53,1,0
D:\Others\assignment\FADI_WEDYAN_OOPS\Final_Project_2_Repos\junit-4.1\junit-4.10\org\junit\runner\Result.java,org.junit.runner.Result$Listener,innerclass,4,4,0,4,6,2,0,3,15,0.0,0.0,0.0,6,0,6,0,0,0,6,0,0,0,0,0,0,0,0,0,0,0,2,20,0,0,0,0,0,0,0,3,1,1,0,0,0,0,18,2,0
D:\Others\assignment\FADI_WEDYAN_OOPS\Final_Project_2_Repos\junit-4.1\junit-4.10\org\junit\internal\ExactComparisonCriteria.java,org.junit.internal.ExactComparisonCriteria,class,2,3,1,2,1,2,0,1,0,0.0,NaN,NaN,1,0,0,0,1,0,1,0,0,0,0,0,0,0,0,0,0,0,1,5,0,0,0,0,0,0,0,0,0,0,0,0,0,0,8,1,0
D:\Others\assignment\FADI_WEDYAN_OOPS\Final_Project_2_Repos\junit-4.1\junit-4.10\org\junit\Assume.java,org.junit.Assume,class,6,7,1,6,5,1,0,9,6,0.0,0.0,0.0,4,4,4,0,0,0,4,0,0,0,0,0,0,0,0,0,0,0,8,14,0,0,0,0,0,0,0,0,0,0,1,0,0,0,141,1,0
D:\Others\assignment\FADI_WEDYAN_OOPS\Final_Project_2_Repos\junit-4.1\junit-4.10\org\junit\internal\JUnitSystem.java,org.junit.internal.JUnitSystem,interface,0,3,3,0,2,1,0,0,1,0.0,0.0,0.0,2,0,0,0,0,2,2,0,0,0,0,0,0,0,0,0,0,0,0,4,0,0,0,0,0,0,0,0,0,0,0,0,0,0,8,1,0
D:\Others\assignment\FADI_WEDYAN_OOPS\Final_Project_2_Repos\junit-4.1\junit-4.10\org\junit\internal\runners\ClassRoadie.java,org.junit.internal.runners.ClassRoadie,class,6,8,2,6,14,1,0,10,5,0.625,0.0,0.0,6,0,2,2,2,0,4,0,0,0,4,0,0,4,0,0,1,0,0,59,0,2,0,4,0,0,0,6,0,6,3,0,0,0,51,1,0
D:\Others\assignment\FADI_WEDYAN_OOPS\Final_Project_2_Repos\junit-4.1\junit-4.10\org\junit\internal\builders\JUnit3Builder.java,org.junit.internal.builders.JUnit3Builder,class,5,7,2,5,3,2,0,2,1,0.0,0.0,0.0,2,0,1,0,0,1,2,0,0,0,0,0,0,0,0,0,0,0,0,9,3,0,0,0,0,0,0,0,0,0,1,0,0,0,14,1,0
D:\Others\assignment\FADI_WEDYAN_OOPS\Final_Project_2_Repos\junit-4.1\junit-4.10\org\junit\internal\builders\IgnoredBuilder.java,org.junit.internal.builders.IgnoredBuilder,class,4,5,1,4,2,2,0,1,0,0.0,NaN,NaN,1,0,1,0,0,0,1,0,0,0,0,0,0,0,0,0,0,0,0,6,2,0,1,0,0,0,0,0,0,0,1,0,0,0,8,1,0
D:\Others\assignment\FADI_WEDYAN_OOPS\Final_Project_2_Repos\junit-4.1\junit-4.10\org\junit\runners\model\FrameworkMethod.java,org.junit.runners.model.FrameworkMethod,class,5,22,17,5,26,2,0,23,0,0.14285715,0.0,0.0,14,0,13,1,0,0,13,0,0,0,1,0,0,0,0,1,1,0,3,61,14,1,5,0,2,13,3,3,5,3,2,1,0,0,121,1,0
D:\Others\assignment\FADI_WEDYAN_OOPS\Final_Project_2_Repos\junit-4.1\junit-4.10\org\junit\runners\JUnit4.java,org.junit.runners.JUnit4,class,1,1,0,1,1,4,0,0,0,0.0,NaN,NaN,1,0,1,0,0,0,1,0,0,0,0,0,0,0,0,0,0,0,0,5,0,0,0,0,0,0,0,0,0,0,0,0,0,0,49,17,0
D:\Others\assignment\FADI_WEDYAN_OOPS\Final_Project_2_Repos\junit-4.1\junit-4.10\junit\framework\Assert.java,junit.framework.Assert,class,3,8,5,3,62,1,2,30,741,0.0,0.0,0.0,39,38,38,0,1,0,39,0,0,0,0,0,0,0,0,0,0,0,43,136,8,0,17,0,2,15,3,8,9,5,1,0,0,0,85,1,0
D:\Others\assignment\FADI_WEDYAN_OOPS\Final_Project_2_Repos\junit-4.1\junit-4.10\junit\extensions\TestDecorator.java,junit.extensions.TestDecorator,class,4,9,5,4,6,2,2,4,0,0.16666667,0.0,0.0,6,0,6,0,0,0,6,0,0,0,1,0,0,0,1,0,0,0,0,21,3,0,0,0,0,0,0,1,0,1,0,0,0,0,34,1,0
D:\Others\assignment\FADI_WEDYAN_OOPS\Final_Project_2_Repos\junit-4.1\junit-4.10\org\junit\internal\matchers\StringContains.java,org.junit.internal.matchers.StringContains,class,4,6,2,4,5,4,0,1,6,0.0,0.0,0.0,4,1,2,0,2,0,4,0,0,0,0,0,0,0,0,0,0,0,0,14,3,0,0,0,0,1,1,0,0,0,0,0,0,0,17,1,0
D:\Others\assignment\FADI_WEDYAN_OOPS\Final_Project_2_Repos\junit-4.1\junit-4.10\org\junit\runner\JUnitCore.java,org.junit.runner.JUnitCore,class,15,19,4,15,19,1,0,30,93,0.73333335,0.0,0.0,15,5,14,0,0,1,15,0,0,0,1,0,0,1,0,0,0,0,9,76,10,2,0,2,0,2,3,10,2,10,2,0,0,0,126,1,0
D:\Others\assignment\FADI_WEDYAN_OOPS\Final_Project_2_Repos\junit-4.1\junit-4.10\org\junit\runner\Result.java,org.junit.runner.Result,class,4,14,10,4,8,2,0,4,19,0.8809524,0.0,0.0,7,0,7,0,0,0,7,0,0,0,6,1,0,6,0,0,2,0,1,49,7,0,1,0,0,0,3,5,0,6,0,0,1,0,65,1,0
D:\Others\assignment\FADI_WEDYAN_OOPS\Final_Project_2_Repos\junit-4.1\junit-4.10\org\junit\experimental\theories\Theories.java,org.junit.experimental.theories.Theories$TheoryAnchor,innerclass,11,11,0,11,16,2,0,17,29,0.75,0.0,0.0,11,0,2,3,6,0,8,0,0,0,4,0,0,4,0,0,0,0,2,89,4,1,3,0,0,1,3,5,1,5,1,2,0,0,58,9,0
D:\Others\assignment\FADI_WEDYAN_OOPS\Final_Project_2_Repos\junit-4.1\junit-4.10\org\junit\experimental\results\ResultMatchers.java,org.junit.experimental.results.ResultMatchers$Anonymous3,anonymous,1,1,0,1,2,1,0,3,1,0.0,0.0,0.0,2,0,2,0,0,0,2,0,0,0,0,0,0,0,0,0,0,0,0,8,1,0,0,0,0,1,0,0,1,0,0,0,0,0,10,-1,0
D:\Others\assignment\FADI_WEDYAN_OOPS\Final_Project_2_Repos\junit-4.1\junit-4.10\junit\textui\TestRunner.java,junit.textui.TestRunner,class,8,9,1,8,30,2,0,27,139,0.8888889,0.0,0.0,18,4,14,0,4,0,18,0,0,0,4,3,3,1,0,0,3,0,9,108,8,1,0,3,0,12,6,27,4,21,4,0,0,0,140,1,0
D:\Others\assignment\FADI_WEDYAN_OOPS\Final_Project_2_Repos\junit-4.1\junit-4.10\org\junit\experimental\results\ResultMatchers.java,org.junit.experimental.results.ResultMatchers$Anonymous1,anonymous,2,2,0,2,3,1,0,2,1,0.0,0.0,0.0,2,0,2,0,0,0,2,0,0,0,0,0,0,0,0,0,0,0,0,8,1,0,1,0,0,2,0,0,1,0,0,0,0,0,10,-1,0
D:\Others\assignment\FADI_WEDYAN_OOPS\Final_Project_2_Repos\junit-4.1\junit-4.10\org\junit\internal\InexactComparisonCriteria.java,org.junit.internal.InexactComparisonCriteria,class,2,3,1,2,3,2,0,1,0,0.0,0.0,0.0,2,0,1,0,1,0,2,0,0,0,1,0,1,0,0,0,0,0,2,10,0,0,0,0,0,0,0,1,0,1,1,0,0,0,14,1,0
D:\Others\assignment\FADI_WEDYAN_OOPS\Final_Project_2_Repos\junit-4.1\junit-4.10\org\junit\experimental\results\ResultMatchers.java,org.junit.experimental.results.ResultMatchers$Anonymous2,anonymous,3,3,0,3,2,1,0,5,1,0.0,0.0,0.0,2,0,2,0,0,0,2,0,0,0,0,0,0,0,0,0,0,0,1,8,1,0,0,0,0,1,1,0,1,0,0,0,0,0,13,-1,0
D:\Others\assignment\FADI_WEDYAN_OOPS\Final_Project_2_Repos\junit-4.1\junit-4.10\org\junit\runners\model\RunnerScheduler.java,org.junit.runners.model.RunnerScheduler,interface,0,2,2,0,2,1,0,0,1,0.0,0.0,0.0,2,0,0,0,0,2,2,0,0,0,0,0,0,0,0,0,0,0,0,4,0,0,0,0,0,0,0,0,0,0,0,0,0,0,44,1,0
D:\Others\assignment\FADI_WEDYAN_OOPS\Final_Project_2_Repos\junit-4.1\junit-4.10\org\junit\internal\AssumptionViolatedException.java,org.junit.internal.AssumptionViolatedException,class,4,11,7,4,6,4,0,4,4,0.6666667,0.0,0.0,4,0,4,0,0,0,4,0,0,0,3,1,0,3,0,0,3,0,1,27,1,0,1,0,0,3,1,3,1,3,1,0,0,0,28,1,0
D:\Others\assignment\FADI_WEDYAN_OOPS\Final_Project_2_Repos\junit-4.1\junit-4.10\junit\extensions\TestSetup.java,junit.extensions.TestSetup$Anonymous1,anonymous,2,2,0,2,1,1,0,3,0,0.0,NaN,NaN,1,0,1,0,0,0,1,0,0,0,0,0,0,0,0,0,0,0,0,7,0,0,0,0,0,0,0,0,0,0,0,0,0,0,9,-1,0
D:\Others\assignment\FADI_WEDYAN_OOPS\Final_Project_2_Repos\junit-4.1\junit-4.10\org\junit\experimental\max\MaxCore.java,org.junit.experimental.max.MaxCore$Anonymous1$Anonymous2,anonymous,0,0,0,0,0,1,0,0,0,0.0,-1.0,-1.0,0,0,0,0,0,0,0,0,0,0,0,0,0,0,0,0,0,0,0,2,0,0,0,0,0,0,0,0,0,0,0,0,0,0,0,-1,0
D:\Others\assignment\FADI_WEDYAN_OOPS\Final_Project_2_Repos\junit-4.1\junit-4.10\org\junit\experimental\theories\ParameterSupplier.java,org.junit.experimental.theories.ParameterSupplier,class,2,5,3,2,1,1,2,0,0,0.0,NaN,NaN,1,0,1,0,0,0,1,1,0,0,0,0,0,0,0,0,0,0,0,3,0,0,0,0,0,0,0,0,0,0,0,0,0,0,7,1025,0
D:\Others\assignment\FADI_WEDYAN_OOPS\Final_Project_2_Repos\junit-4.1\junit-4.10\org\junit\experimental\max\MaxCore.java,org.junit.experimental.max.MaxCore,class,12,13,1,12,23,1,0,32,60,0.7307693,0.0,0.0,13,2,7,6,0,0,7,0,0,0,2,1,0,2,0,0,2,0,9,76,16,2,2,1,0,6,0,7,2,7,2,1,0,0,143,1,0
D:\Others\assignment\FADI_WEDYAN_OOPS\Final_Project_2_Repos\junit-4.1\junit-4.10\org\junit\internal\matchers\Each.java,org.junit.internal.matchers.Each,class,6,8,2,6,1,1,0,3,0,0.0,NaN,NaN,1,1,1,0,0,0,1,0,0,0,0,0,0,0,0,0,0,0,3,15,1,0,0,0,0,0,0,1,0,1,0,1,0,0,9,1,0
D:\Others\assignment\FADI_WEDYAN_OOPS\Final_Project_2_Repos\junit-4.1\junit-4.10\org\junit\runners\BlockJUnit4ClassRunner.java,org.junit.runners.BlockJUnit4ClassRunner,class,25,33,8,25,51,3,4,56,465,0.0,0.0,0.0,31,0,1,9,21,0,22,0,0,0,0,0,0,0,0,0,0,0,1,148,24,1,8,1,1,7,5,21,1,13,2,1,0,0,255,1,0
D:\Others\assignment\FADI_WEDYAN_OOPS\Final_Project_2_Repos\junit-4.1\junit-4.10\junit\framework\ComparisonFailure.java,junit.framework.ComparisonFailure,class,2,3,1,2,4,5,0,2,0,0.5625,0.0,0.0,4,0,4,0,0,0,4,0,0,0,4,2,0,4,0,0,2,0,0,20,3,0,0,0,0,0,2,4,0,4,0,0,0,0,63,1,0
D:\Others\assignment\FADI_WEDYAN_OOPS\Final_Project_2_Repos\junit-4.1\junit-4.10\org\junit\runners\model\FrameworkMember.java,org.junit.runners.model.FrameworkMember,class,2,6,4,2,5,1,0,1,3,0.0,0.0,0.0,3,0,0,0,0,3,3,2,0,0,0,0,0,0,0,0,0,0,0,8,2,1,0,0,0,0,0,0,0,0,2,0,0,0,17,1024,0
D:\Others\assignment\FADI_WEDYAN_OOPS\Final_Project_2_Repos\junit-4.1\junit-4.10\org\junit\experimental\ParallelComputer.java,org.junit.experimental.ParallelComputer$Anonymous1,anonymous,0,0,0,0,4,1,0,5,0,0.25,0.0,0.0,2,0,2,0,0,0,2,0,0,0,2,0,0,2,0,0,2,0,1,21,0,1,0,1,0,0,0,2,0,2,2,1,0,0,12,-1,0
D:\Others\assignment\FADI_WEDYAN_OOPS\Final_Project_2_Repos\junit-4.1\junit-4.10\org\junit\internal\builders\JUnit4Builder.java,org.junit.internal.builders.JUnit4Builder,class,3,4,1,3,1,2,0,0,0,0.0,NaN,NaN,1,0,1,0,0,0,1,0,0,0,0,0,0,0,0,0,0,0,0,5,1,0,0,0,0,0,0,0,0,0,0,0,0,0,10,1,0
D:\Others\assignment\FADI_WEDYAN_OOPS\Final_Project_2_Repos\junit-4.1\junit-4.10\org\junit\internal\builders\SuiteMethodBuilder.java,org.junit.internal.builders.SuiteMethodBuilder,class,4,6,2,4,4,2,0,2,1,0.0,0.0,0.0,2,0,2,0,0,0,2,0,0,0,0,0,0,0,0,0,0,0,0,15,4,0,0,1,0,1,0,0,0,0,1,0,0,0,18,1,0
D:\Others\assignment\FADI_WEDYAN_OOPS\Final_Project_2_Repos\junit-4.1\junit-4.10\org\junit\internal\runners\JUnit38ClassRunner.java,org.junit.internal.runners.JUnit38ClassRunner$OldTestClassAdaptingListener,innerclass,9,9,0,9,10,1,0,12,16,0.5,0.0,0.0,8,0,4,4,0,0,4,0,0,0,1,0,0,1,0,0,1,0,1,33,5,0,0,0,1,0,0,3,0,3,1,0,0,0,28,18,0
D:\Others\assignment\FADI_WEDYAN_OOPS\Final_Project_2_Repos\junit-4.1\junit-4.10\org\junit\rules\Verifier.java,org.junit.rules.Verifier$Anonymous1,anonymous,2,2,0,2,1,1,0,2,0,0.0,NaN,NaN,1,0,1,0,0,0,1,0,0,0,0,0,0,0,0,0,0,0,0,6,0,0,0,0,0,0,0,0,0,0,0,0,0,0,3,-1,0
D:\Others\assignment\FADI_WEDYAN_OOPS\Final_Project_2_Repos\junit-4.1\junit-4.10\org\junit\internal\runners\MethodRoadie.java,org.junit.internal.runners.MethodRoadie$Anonymous3,anonymous,1,1,0,1,1,1,0,1,0,0.0,NaN,NaN,1,0,1,0,0,0,1,0,0,0,0,0,0,0,0,0,0,0,0,5,0,0,0,0,0,0,0,0,0,0,0,0,0,0,3,-1,0
D:\Others\assignment\FADI_WEDYAN_OOPS\Final_Project_2_Repos\junit-4.1\junit-4.10\org\junit\experimental\theories\Theories.java,org.junit.experimental.theories.Theories$TheoryAnchor$Anonymous1,anonymous,7,7,0,7,4,1,0,7,6,0.0,0.0,0.0,4,0,2,0,2,0,4,0,0,0,0,0,0,0,0,0,0,0,0,28,3,0,0,0,0,0,0,1,0,1,0,1,0,0,23,-1,0
D:\Others\assignment\FADI_WEDYAN_OOPS\Final_Project_2_Repos\junit-4.1\junit-4.10\org\junit\internal\runners\MethodRoadie.java,org.junit.internal.runners.MethodRoadie$Anonymous1,anonymous,1,1,0,1,4,1,0,8,0,0.0,NaN,NaN,1,0,1,0,0,0,1,0,0,0,0,0,0,0,0,0,0,0,2,25,0,0,0,1,0,1,1,4,0,4,2,1,0,0,15,-1,0
D:\Others\assignment\FADI_WEDYAN_OOPS\Final_Project_2_Repos\junit-4.1\junit-4.10\org\junit\experimental\theories\Theories.java,org.junit.experimental.theories.Theories$TheoryAnchor$Anonymous3,anonymous,3,3,0,3,2,1,0,3,0,0.0,NaN,NaN,1,0,1,0,0,0,1,0,0,0,0,0,0,0,0,0,0,0,0,10,0,0,0,1,0,0,0,1,0,1,1,0,0,0,11,-1,0
D:\Others\assignment\FADI_WEDYAN_OOPS\Final_Project_2_Repos\junit-4.1\junit-4.10\org\junit\rules\TestWatcher.java,org.junit.rules.TestWatcher,class,4,6,2,4,5,1,1,0,10,0.0,0.0,0.0,5,0,1,0,4,0,5,0,0,0,0,0,0,0,0,0,0,0,0,32,1,0,0,0,0,0,0,0,0,0,0,1,0,0,56,1025,0
D:\Others\assignment\FADI_WEDYAN_OOPS\Final_Project_2_Repos\junit-4.1\junit-4.10\org\junit\internal\runners\MethodRoadie.java,org.junit.internal.runners.MethodRoadie,class,7,12,5,7,26,1,0,23,12,0.5833334,0.0,0.0,9,0,4,3,2,0,6,0,0,0,4,0,0,4,0,0,3,0,0,128,2,2,0,6,0,5,1,9,2,9,4,2,0,0,65,1,0
D:\Others\assignment\FADI_WEDYAN_OOPS\Final_Project_2_Repos\junit-4.1\junit-4.10\org\junit\runners\Suite.java,org.junit.runners.Suite,class,9,16,7,9,12,3,3,8,39,0.7,0.0,0.0,10,2,3,1,6,0,9,0,0,0,1,0,0,1,0,0,1,0,2,44,4,0,1,1,0,2,1,2,0,2,1,0,0,0,101,1,0
D:\Others\assignment\FADI_WEDYAN_OOPS\Final_Project_2_Repos\junit-4.1\junit-4.10\org\junit\experimental\theories\internal\Assignments.java,org.junit.experimental.theories.internal.Assignments,class,9,14,5,9,21,1,0,21,41,0.6666667,0.0,0.0,14,1,12,2,0,0,12,0,0,0,3,0,0,3,0,0,2,0,3,71,15,2,4,0,0,0,6,17,2,15,2,0,0,0,72,1,0
D:\Others\assignment\FADI_WEDYAN_OOPS\Final_Project_2_Repos\junit-4.1\junit-4.10\org\junit\internal\builders\IgnoredClassRunner.java,org.junit.internal.builders.IgnoredClassRunner,class,4,6,2,4,3,2,0,3,1,0.33333334,0.0,0.0,3,0,3,0,0,0,3,0,0,0,1,0,0,1,0,0,1,0,1,12,1,0,0,0,0,0,0,1,0,1,0,0,0,0,12,1,0
D:\Others\assignment\FADI_WEDYAN_OOPS\Final_Project_2_Repos\junit-4.1\junit-4.10\org\junit\experimental\theories\suppliers\TestedOnSupplier.java,org.junit.experimental.theories.suppliers.TestedOnSupplier,class,5,5,0,5,2,2,0,6,0,0.0,NaN,NaN,1,0,1,0,0,0,1,0,0,0,0,0,0,0,0,0,0,0,2,11,1,1,0,0,0,0,0,3,0,3,1,0,0,0,13,1,0
D:\Others\assignment\FADI_WEDYAN_OOPS\Final_Project_2_Repos\junit-4.1\junit-4.10\org\junit\internal\matchers\TypeSafeMatcher.java,org.junit.internal.matchers.TypeSafeMatcher,class,3,8,5,3,11,2,0,11,9,0.5,0.0,0.0,6,2,2,2,2,0,4,1,1,0,1,0,0,1,0,0,0,0,2,26,3,2,3,0,0,3,2,4,0,2,3,0,0,0,67,1025,0
D:\Others\assignment\FADI_WEDYAN_OOPS\Final_Project_2_Repos\junit-4.1\junit-4.10\org\junit\internal\runners\FailedBefore.java,org.junit.internal.runners.FailedBefore,class,0,2,2,0,0,3,0,0,0,NaN,-1.0,-1.0,0,0,0,0,0,0,0,0,0,0,1,1,0,1,0,0,1,0,0,3,0,0,0,0,0,0,1,1,0,1,0,0,0,0,29,0,0
D:\Others\assignment\FADI_WEDYAN_OOPS\Final_Project_2_Repos\junit-4.1\junit-4.10\org\junit\internal\RealSystem.java,org.junit.internal.RealSystem,class,1,2,1,1,2,1,0,1,1,0.0,0.0,0.0,2,0,2,0,0,0,2,0,0,0,0,0,0,0,0,0,0,0,1,8,1,0,0,0,0,0,0,0,0,0,0,0,0,0,9,1,0
D:\Others\assignment\FADI_WEDYAN_OOPS\Final_Project_2_Repos\junit-4.1\junit-4.10\org\junit\runners\model\FrameworkField.java,org.junit.runners.model.FrameworkField,class,2,5,3,2,9,2,0,10,0,0.22222222,0.0,0.0,9,0,8,0,0,1,9,0,0,0,1,0,0,1,0,0,1,0,2,32,8,0,0,0,0,0,0,3,0,3,0,0,0,0,51,1,0
D:\Others\assignment\FADI_WEDYAN_OOPS\Final_Project_2_Repos\junit-4.1\junit-4.10\org\junit\internal\matchers\CombinableMatcher.java,org.junit.internal.matchers.CombinableMatcher,class,6,9,3,6,5,2,0,4,0,0.0,0.0,0.0,5,0,5,0,0,0,5,0,0,0,1,0,0,1,0,0,1,0,2,18,3,0,0,0,0,2,0,1,0,1,0,0,0,0,17,1,0
D:\Others\assignment\FADI_WEDYAN_OOPS\Final_Project_2_Repos\junit-4.1\junit-4.10\org\junit\internal\runners\statements\RunAfters.java,org.junit.internal.runners.statements.RunAfters,class,3,5,2,3,5,2,0,4,0,0.0,0.0,0.0,2,0,2,0,0,0,2,0,0,0,3,0,0,3,0,0,3,0,1,28,0,1,0,2,0,0,0,4,0,4,3,0,0,0,17,1,0
D:\Others\assignment\FADI_WEDYAN_OOPS\Final_Project_2_Repos\junit-4.1\junit-4.10\org\junit\experimental\max\MaxHistory.java,org.junit.experimental.max.MaxHistory$RememberingListener,innerclass,5,5,0,5,4,2,0,8,4,0.625,0.0,0.0,4,0,4,0,0,0,4,0,0,0,2,0,0,2,0,0,0,0,3,18,0,0,0,0,0,0,0,4,1,4,0,0,0,0,23,18,0
D:\Others\assignment\FADI_WEDYAN_OOPS\Final_Project_2_Repos\junit-4.1\junit-4.10\org\junit\runners\model\MultipleFailureException.java,org.junit.runners.model.MultipleFailureException,class,1,5,4,1,7,3,1,10,0,0.625,0.0,0.0,4,1,4,0,0,0,4,0,0,0,2,1,0,2,0,0,2,0,3,22,3,1,1,0,0,3,3,3,0,3,1,0,0,0,51,1,0
D:\Others\assignment\FADI_WEDYAN_OOPS\Final_Project_2_Repos\junit-4.1\junit-4.10\org\junit\experimental\theories\internal\ParameterizedAssertionError.java,org.junit.experimental.theories.internal.ParameterizedAssertionError,class,1,3,2,1,8,4,0,14,10,1.0,0.0,0.0,5,3,4,1,0,0,4,0,0,0,1,1,0,1,0,0,1,0,6,32,5,1,0,1,0,3,1,4,0,4,2,0,0,0,30,1,0
D:\Others\assignment\FADI_WEDYAN_OOPS\Final_Project_2_Repos\junit-4.1\junit-4.10\org\junit\internal\runners\JUnit4ClassRunner.java,org.junit.internal.runners.JUnit4ClassRunner$Anonymous2,anonymous,2,2,0,2,1,1,0,2,0,0.0,NaN,NaN,1,0,1,0,0,0,1,0,0,0,0,0,0,0,0,0,0,0,0,5,1,0,0,0,0,0,0,0,0,0,0,0,0,0,6,-1,0
D:\Others\assignment\FADI_WEDYAN_OOPS\Final_Project_2_Repos\junit-4.1\junit-4.10\org\junit\internal\runners\JUnit4ClassRunner.java,org.junit.internal.runners.JUnit4ClassRunner$Anonymous1,anonymous,1,1,0,1,1,1,0,1,0,0.0,NaN,NaN,1,0,1,0,0,0,1,0,0,0,0,0,0,0,0,0,0,0,0,5,0,0,0,0,0,0,0,0,0,0,0,0,0,0,3,-1,0
D:\Others\assignment\FADI_WEDYAN_OOPS\Final_Project_2_Repos\junit-4.1\junit-4.10\org\junit\rules\TestWatchman.java,org.junit.rules.TestWatchman,class,4,5,1,4,5,1,0,0,10,0.0,0.0,0.0,5,0,5,0,0,0,5,0,0,0,0,0,0,0,0,0,0,0,0,32,1,0,0,0,0,0,0,0,0,0,0,1,0,0,57,1,0
D:\Others\assignment\FADI_WEDYAN_OOPS\Final_Project_2_Repos\junit-4.1\junit-4.10\org\junit\runners\ParentRunner.java,org.junit.runners.ParentRunner$Anonymous4,anonymous,3,3,0,3,1,1,0,2,0,0.0,NaN,NaN,1,0,1,0,0,0,1,0,0,0,0,0,0,0,0,0,0,0,0,5,1,0,0,0,0,0,0,0,0,0,0,0,0,0,6,-1,0
D:\Others\assignment\FADI_WEDYAN_OOPS\Final_Project_2_Repos\junit-4.1\junit-4.10\org\junit\rules\ExternalResource.java,org.junit.rules.ExternalResource$Anonymous1,anonymous,2,2,0,2,1,1,0,3,0,0.0,NaN,NaN,1,0,1,0,0,0,1,0,0,0,0,0,0,0,0,0,0,0,0,11,0,0,0,1,0,0,0,0,0,0,1,0,0,0,4,-1,0
D:\Others\assignment\FADI_WEDYAN_OOPS\Final_Project_2_Repos\junit-4.1\junit-4.10\org\junit\runner\Describable.java,org.junit.runner.Describable,interface,1,6,5,1,1,1,0,0,0,0.0,NaN,NaN,1,0,1,0,0,0,1,1,0,0,0,0,0,0,0,0,0,0,0,3,0,0,0,0,0,0,0,0,0,0,0,0,0,0,19,1,0
D:\Others\assignment\FADI_WEDYAN_OOPS\Final_Project_2_Repos\junit-4.1\junit-4.10\org\junit\runners\ParentRunner.java,org.junit.runners.ParentRunner$Anonymous3,anonymous,1,1,0,1,1,1,0,1,0,0.0,NaN,NaN,1,0,1,0,0,0,1,0,0,0,0,0,0,0,0,0,0,0,0,5,0,0,0,0,0,0,0,0,0,0,0,0,0,0,1,-1,0
D:\Others\assignment\FADI_WEDYAN_OOPS\Final_Project_2_Repos\junit-4.1\junit-4.10\org\junit\runner\Runner.java,org.junit.runner.Runner,class,4,32,28,4,3,1,5,2,3,0.0,0.0,0.0,3,0,3,0,0,0,3,2,0,0,0,0,0,0,0,0,0,0,0,7,1,0,0,0,0,0,0,0,0,0,0,0,0,0,76,1025,0
D:\Others\assignment\FADI_WEDYAN_OOPS\Final_Project_2_Repos\junit-4.1\junit-4.10\org\junit\runners\ParentRunner.java,org.junit.runners.ParentRunner$Anonymous2,anonymous,1,1,0,1,1,1,0,1,0,0.0,NaN,NaN,1,0,1,0,0,0,1,0,0,0,0,0,0,0,0,0,0,0,0,5,0,0,0,0,0,0,0,0,0,0,0,0,0,0,4,-1,0
D:\Others\assignment\FADI_WEDYAN_OOPS\Final_Project_2_Repos\junit-4.1\junit-4.10\org\junit\internal\runners\MethodRoadie.java,org.junit.internal.runners.MethodRoadie$Anonymous1$Anonymous2,anonymous,1,1,0,1,1,1,0,1,0,0.0,NaN,NaN,1,0,1,0,0,0,1,0,0,0,0,0,0,0,0,0,0,0,0,6,1,0,0,0,0,0,0,0,0,0,0,0,0,0,7,-1,0
D:\Others\assignment\FADI_WEDYAN_OOPS\Final_Project_2_Repos\junit-4.1\junit-4.10\org\junit\rules\TestName.java,org.junit.rules.TestName,class,2,2,0,2,2,2,0,1,0,0.0,0.0,0.0,2,0,1,0,1,0,2,0,0,0,1,0,0,1,0,0,0,0,0,9,1,0,0,0,0,0,0,1,0,1,0,0,0,0,28,1,0
D:\Others\assignment\FADI_WEDYAN_OOPS\Final_Project_2_Repos\junit-4.1\junit-4.10\org\junit\runners\ParentRunner.java,org.junit.runners.ParentRunner$Anonymous1,anonymous,0,0,0,0,2,1,0,1,1,0.0,0.0,0.0,2,0,2,0,0,0,2,0,0,0,0,0,0,0,0,0,0,0,0,7,0,0,0,0,0,0,0,0,0,0,0,0,0,0,5,-1,0
D:\Others\assignment\FADI_WEDYAN_OOPS\Final_Project_2_Repos\junit-4.1\junit-4.10\org\junit\runners\model\InitializationError.java,org.junit.runners.model.InitializationError,class,0,6,6,0,4,3,0,1,4,0.75,0.0,0.0,4,0,4,0,0,0,4,0,0,0,2,1,0,2,0,0,2,0,1,16,1,0,0,0,0,0,1,2,0,2,0,0,0,0,40,1,0
D:\Others\assignment\FADI_WEDYAN_OOPS\Final_Project_2_Repos\junit-4.1\junit-4.10\org\junit\internal\TextListener.java,org.junit.internal.TextListener,class,6,9,3,6,17,2,0,21,46,0.5833333,0.0,0.0,12,0,6,1,5,0,11,0,0,0,1,0,0,1,0,0,1,0,1,58,3,1,3,0,1,16,5,3,8,3,1,0,0,0,46,1,0
D:\Others\assignment\FADI_WEDYAN_OOPS\Final_Project_2_Repos\junit-4.1\junit-4.10\org\junit\internal\runners\TestMethod.java,org.junit.internal.runners.TestMethod,class,7,10,3,7,14,1,0,9,10,0.5555556,0.0,0.0,9,0,4,0,1,4,9,0,0,0,2,0,0,2,0,0,1,0,0,37,9,0,5,0,0,0,1,5,0,5,1,0,0,0,43,1,0
D:\Others\assignment\FADI_WEDYAN_OOPS\Final_Project_2_Repos\junit-4.1\junit-4.10\junit\framework\AssertionFailedError.java,junit.framework.AssertionFailedError,class,1,10,9,1,4,4,1,1,3,1.0,0.0,0.0,3,1,2,1,0,0,2,0,0,0,1,1,0,1,0,0,1,0,1,11,1,0,1,0,0,1,1,1,0,1,0,0,0,0,18,1,0
D:\Others\assignment\FADI_WEDYAN_OOPS\Final_Project_2_Repos\junit-4.1\junit-4.10\junit\framework\JUnit4TestAdapterCache.java,junit.framework.JUnit4TestAdapterCache,class,9,12,3,9,11,3,0,13,10,0.9,0.0,0.0,5,1,4,0,0,1,5,0,0,0,2,2,0,2,0,0,2,0,1,48,8,2,0,0,0,0,1,5,0,5,3,1,0,0,37,1,0
D:\Others\assignment\FADI_WEDYAN_OOPS\Final_Project_2_Repos\junit-4.1\junit-4.10\junit\framework\TestListener.java,junit.framework.TestListener,interface,2,7,5,2,4,1,0,0,6,0.0,0.0,0.0,4,0,4,0,0,0,4,0,0,0,0,0,0,0,0,0,0,0,0,6,0,0,0,0,0,0,0,0,0,0,0,0,0,0,17,1,0
D:\Others\assignment\FADI_WEDYAN_OOPS\Final_Project_2_Repos\junit-4.1\junit-4.10\org\junit\runners\ParentRunner.java,org.junit.runners.ParentRunner,class,26,38,12,26,46,2,0,48,332,0.89285713,0.0,0.0,28,0,6,8,14,0,20,3,2,0,4,0,0,4,0,0,1,0,2,163,13,5,1,3,0,0,0,22,0,16,3,4,0,0,225,1025,0
D:\Others\assignment\FADI_WEDYAN_OOPS\Final_Project_2_Repos\junit-4.1\junit-4.10\org\junit\experimental\runners\Enclosed.java,org.junit.experimental.runners.Enclosed,class,2,2,0,2,1,4,0,1,0,0.0,NaN,NaN,1,0,1,0,0,0,1,0,0,0,0,0,0,0,0,0,0,0,0,5,0,0,0,0,0,0,0,0,0,0,0,0,0,0,46,1,0
D:\Others\assignment\FADI_WEDYAN_OOPS\Final_Project_2_Repos\junit-4.1\junit-4.10\org\junit\Assert.java,org.junit.Assert,class,16,25,9,16,72,1,0,41,1225,0.0,0.0,0.0,50,49,42,6,1,1,44,0,0,0,0,0,0,0,0,0,0,0,49,179,8,0,14,0,1,25,1,11,9,8,2,0,0,0,173,1,0
D:\Others\assignment\FADI_WEDYAN_OOPS\Final_Project_2_Repos\junit-4.1\junit-4.10\org\junit\runner\Computer.java,org.junit.runner.Computer$Anonymous1,anonymous,2,2,0,2,1,1,0,1,0,0.0,NaN,NaN,1,0,1,0,0,0,1,0,0,0,0,0,0,0,0,0,0,0,0,5,1,0,0,0,0,0,0,0,0,0,0,0,0,0,7,-1,0
D:\Others\assignment\FADI_WEDYAN_OOPS\Final_Project_2_Repos\junit-4.1\junit-4.10\junit\framework\Protectable.java,junit.framework.Protectable,interface,0,2,2,0,1,1,0,0,0,0.0,NaN,NaN,1,0,1,0,0,0,1,1,0,0,0,0,0,0,0,0,0,0,0,3,0,0,0,0,0,0,0,0,0,0,0,0,0,0,16,1,0
D:\Others\assignment\FADI_WEDYAN_OOPS\Final_Project_2_Repos\junit-4.1\junit-4.10\org\junit\internal\runners\JUnit4ClassRunner.java,org.junit.internal.runners.JUnit4ClassRunner,class,16,19,3,16,25,2,0,39,91,0.6666666,0.0,0.0,18,0,5,1,12,0,17,0,0,0,2,0,0,2,0,0,1,0,3,95,12,3,0,1,0,0,0,10,0,10,2,2,0,0,70,1,0
D:\Others\assignment\FADI_WEDYAN_OOPS\Final_Project_2_Repos\junit-4.1\junit-4.10\org\junit\rules\TestWatcher.java,org.junit.rules.TestWatcher$Anonymous1,anonymous,3,3,0,3,3,1,0,5,0,0.0,NaN,NaN,1,0,1,0,0,0,1,0,0,0,0,0,0,0,0,0,0,0,0,19,0,0,0,1,0,0,0,0,0,0,1,0,0,0,12,-1,0
D:\Others\assignment\FADI_WEDYAN_OOPS\Final_Project_2_Repos\junit-4.1\junit-4.10\org\junit\rules\MethodRule.java,org.junit.rules.MethodRule,interface,2,5,3,2,1,1,0,0,0,0.0,NaN,NaN,1,0,0,0,0,1,1,0,0,0,0,0,0,0,0,0,0,0,0,3,0,0,0,0,0,0,0,0,0,0,0,0,0,0,103,1,0
D:\Others\assignment\FADI_WEDYAN_OOPS\Final_Project_2_Repos\junit-4.1\junit-4.10\junit\framework\ComparisonCompactor.java,junit.framework.ComparisonCompactor,class,2,4,2,2,20,1,0,13,0,0.59375,0.0,0.0,8,0,2,6,0,0,2,0,0,0,8,3,0,8,0,0,3,0,5,54,6,2,4,0,2,5,10,17,19,15,2,0,0,0,36,1,0
D:\Others\assignment\FADI_WEDYAN_OOPS\Final_Project_2_Repos\junit-4.1\junit-4.10\org\junit\experimental\theories\PotentialAssignment.java,org.junit.experimental.theories.PotentialAssignment$CouldNotGenerateValueException,innerclass,0,0,0,0,0,3,0,0,0,NaN,-1.0,-1.0,0,0,0,0,0,0,0,0,0,0,1,1,0,1,0,0,1,0,0,3,0,0,0,0,0,0,1,1,0,1,0,0,0,0,12,9,0
D:\Others\assignment\FADI_WEDYAN_OOPS\Final_Project_2_Repos\junit-4.1\junit-4.10\org\junit\rules\TestWatchman.java,org.junit.rules.TestWatchman$Anonymous1,anonymous,3,3,0,3,3,1,0,5,0,0.0,NaN,NaN,1,0,1,0,0,0,1,0,0,0,0,0,0,0,0,0,0,0,0,19,0,0,0,1,0,0,0,0,0,0,1,0,0,0,12,-1,0
D:\Others\assignment\FADI_WEDYAN_OOPS\Final_Project_2_Repos\junit-4.1\junit-4.10\org\junit\rules\ErrorCollector.java,org.junit.rules.ErrorCollector$Anonymous1,anonymous,2,2,0,2,1,1,0,1,0,0.0,NaN,NaN,1,0,1,0,0,0,1,0,0,0,0,0,0,0,0,0,0,0,1,6,1,0,0,0,0,0,0,0,0,0,0,0,0,0,6,-1,0
D:\Others\assignment\FADI_WEDYAN_OOPS\Final_Project_2_Repos\junit-4.1\junit-4.10\org\junit\runners\model\TestClass.java,org.junit.runners.model.TestClass,class,8,19,11,8,28,1,0,31,44,0.7435897,0.0,0.0,13,0,9,4,0,0,9,0,0,0,3,0,0,3,0,0,1,0,2,76,14,6,4,1,0,3,5,11,0,10,3,0,0,0,113,1,0
D:\Others\assignment\FADI_WEDYAN_OOPS\Final_Project_2_Repos\junit-4.1\junit-4.10\org\junit\runner\manipulation\Sortable.java,org.junit.runner.manipulation.Sortable,interface,1,6,5,1,1,1,0,0,0,0.0,NaN,NaN,1,0,1,0,0,0,1,0,0,0,0,0,0,0,0,0,0,0,0,3,0,0,0,0,0,0,0,0,0,0,0,0,0,0,54,1,0
D:\Others\assignment\FADI_WEDYAN_OOPS\Final_Project_2_Repos\junit-4.1\junit-4.10\org\junit\runner\Computer.java,org.junit.runner.Computer,class,4,9,5,4,3,1,1,1,3,0.0,0.0,0.0,3,1,2,0,1,0,3,0,0,0,0,0,0,0,0,0,0,0,0,16,3,0,0,0,0,0,0,0,0,0,0,1,0,0,45,1,0
D:\Others\assignment\FADI_WEDYAN_OOPS\Final_Project_2_Repos\junit-4.1\junit-4.10\junit\framework\TestResult.java,junit.framework.TestResult,class,7,22,15,7,27,1,0,20,105,0.8,0.0,0.0,18,0,16,1,1,0,17,0,0,13,5,0,0,1,4,0,0,0,2,92,8,4,2,1,0,0,3,10,0,8,1,1,0,0,105,1,0
D:\Others\assignment\FADI_WEDYAN_OOPS\Final_Project_2_Repos\junit-4.1\junit-4.10\junit\runner\BaseTestRunner.java,junit.runner.BaseTestRunner,class,5,8,3,5,60,1,1,50,398,0.93793106,0.0,0.0,29,13,18,2,8,1,28,4,0,4,5,4,1,1,0,3,1,0,21,207,28,3,8,8,1,34,13,40,9,27,3,0,0,0,180,1025,0
D:\Others\assignment\FADI_WEDYAN_OOPS\Final_Project_2_Repos\junit-4.1\junit-4.10\org\junit\runner\manipulation\Filter.java,org.junit.runner.manipulation.Filter$Anonymous3,anonymous,2,2,0,2,2,1,0,2,1,0.0,0.0,0.0,2,0,2,0,0,0,2,0,0,0,0,0,0,0,0,0,0,0,0,8,2,0,0,0,0,1,0,0,1,0,0,0,0,0,6,-1,0
D:\Others\assignment\FADI_WEDYAN_OOPS\Final_Project_2_Repos\junit-4.1\junit-4.10\org\junit\runner\manipulation\Filter.java,org.junit.runner.manipulation.Filter$Anonymous2,anonymous,2,2,0,2,5,1,0,6,1,0.0,0.0,0.0,2,0,2,0,0,0,2,0,0,0,0,0,0,0,0,0,0,0,1,10,4,1,0,0,0,1,0,0,0,0,2,0,0,0,8,-1,0
D:\Others\assignment\FADI_WEDYAN_OOPS\Final_Project_2_Repos\junit-4.1\junit-4.10\org\junit\internal\builders\AnnotatedBuilder.java,org.junit.internal.builders.AnnotatedBuilder,class,6,8,2,6,6,2,0,7,1,0.5,0.0,0.0,3,0,3,0,0,0,3,0,0,0,2,1,0,2,0,0,1,0,1,26,4,0,1,2,0,1,0,4,0,4,2,0,0,0,43,1,0
D:\Others\assignment\FADI_WEDYAN_OOPS\Final_Project_2_Repos\junit-4.1\junit-4.10\org\junit\internal\runners\statements\Fail.java,org.junit.internal.runners.statements.Fail,class,1,2,1,1,2,2,0,0,0,0.0,0.0,0.0,2,0,2,0,0,0,2,0,0,0,1,0,0,1,0,0,1,0,0,9,0,0,0,0,0,0,0,1,0,1,0,0,0,0,7,1,0
D:\Others\assignment\FADI_WEDYAN_OOPS\Final_Project_2_Repos\junit-4.1\junit-4.10\org\junit\runner\manipulation\Filter.java,org.junit.runner.manipulation.Filter$Anonymous1,anonymous,2,2,0,2,4,1,0,0,6,0.0,0.0,0.0,4,0,4,0,0,0,4,0,0,0,0,0,0,0,0,0,0,0,0,13,3,0,0,0,0,1,0,0,0,0,0,0,0,0,16,-1,0
D:\Others\assignment\FADI_WEDYAN_OOPS\Final_Project_2_Repos\junit-4.1\junit-4.10\org\junit\runners\Parameterized.java,org.junit.runners.Parameterized,class,9,11,2,9,8,7,0,14,4,0.5,0.0,0.0,4,0,1,2,1,0,2,0,0,0,1,0,0,1,0,0,1,0,3,58,3,2,0,0,0,2,1,5,1,5,2,0,1,0,80,1,0
D:\Others\assignment\FADI_WEDYAN_OOPS\Final_Project_2_Repos\junit-4.1\junit-4.10\org\junit\internal\matchers\IsCollectionContaining.java,org.junit.internal.matchers.IsCollectionContaining,class,8,11,3,8,11,3,0,8,1,0.2857143,0.0,0.0,7,4,7,0,0,0,7,0,0,0,1,0,0,1,0,0,1,0,6,37,6,3,0,0,0,1,0,3,0,3,2,0,0,0,25,1,0
D:\Others\assignment\FADI_WEDYAN_OOPS\Final_Project_2_Repos\junit-4.1\junit-4.10\org\junit\runner\manipulation\Sorter.java,org.junit.runner.manipulation.Sorter,class,3,12,9,3,4,1,0,2,1,0.6666667,0.0,0.0,3,0,3,0,0,0,3,0,0,0,2,1,1,1,0,0,1,0,0,21,1,0,0,0,0,0,0,3,0,3,1,1,0,0,45,1,0
D:\Others\assignment\FADI_WEDYAN_OOPS\Final_Project_2_Repos\junit-4.1\junit-4.10\org\junit\internal\runners\ErrorReportingRunner.java,org.junit.internal.runners.ErrorReportingRunner,class,7,12,5,7,11,2,0,13,5,0.5,0.0,0.0,6,0,3,3,0,0,3,0,0,0,2,0,0,2,0,0,2,0,3,31,6,2,0,0,2,2,0,4,0,4,1,0,0,0,26,1,0
D:\Others\assignment\FADI_WEDYAN_OOPS\Final_Project_2_Repos\junit-4.1\junit-4.10\org\junit\experimental\results\ResultMatchers.java,org.junit.experimental.results.ResultMatchers,class,6,8,2,6,4,1,0,1,6,0.0,0.0,0.0,4,4,4,0,0,0,4,0,0,0,0,0,0,0,0,0,0,0,1,38,4,0,0,0,0,0,1,0,0,0,0,3,0,0,45,1,0
D:\Others\assignment\FADI_WEDYAN_OOPS\Final_Project_2_Repos\junit-4.1\junit-4.10\org\junit\runners\AllTests.java,org.junit.runners.AllTests,class,1,1,0,1,1,4,0,0,0,0.0,NaN,NaN,1,0,1,0,0,0,1,0,0,0,0,0,0,0,0,0,0,0,0,5,0,0,0,0,0,0,0,0,0,0,0,0,0,0,30,1,0
D:\Others\assignment\FADI_WEDYAN_OOPS\Final_Project_2_Repos\junit-4.1\junit-4.10\org\junit\experimental\theories\internal\AllMembersSupplier.java,org.junit.experimental.theories.internal.AllMembersSupplier,class,9,11,2,9,20,3,0,25,9,0.42857143,0.0,0.0,7,0,2,5,0,0,2,0,0,0,1,0,0,1,0,0,1,0,5,76,2,4,2,2,1,5,1,5,1,5,3,0,1,0,59,1,0
D:\Others\assignment\FADI_WEDYAN_OOPS\Final_Project_2_Repos\junit-4.1\junit-4.10\org\junit\runner\manipulation\NoTestsRemainException.java,org.junit.runner.manipulation.NoTestsRemainException,class,0,2,2,0,0,3,0,0,0,NaN,-1.0,-1.0,0,0,0,0,0,0,0,0,0,0,1,1,0,1,0,0,1,0,0,3,0,0,0,0,0,0,1,1,0,1,0,0,0,0,19,1,0
D:\Others\assignment\FADI_WEDYAN_OOPS\Final_Project_2_Repos\junit-4.1\junit-4.10\org\junit\runner\notification\StoppedByUserException.java,org.junit.runner.notification.StoppedByUserException,class,0,2,2,0,0,4,0,0,0,NaN,-1.0,-1.0,0,0,0,0,0,0,0,0,0,0,1,1,0,1,0,0,1,0,0,3,0,0,0,0,0,0,1,1,0,1,0,0,0,0,32,1,0
D:\Others\assignment\FADI_WEDYAN_OOPS\Final_Project_2_Repos\junit-4.1\junit-4.10\org\junit\experimental\categories\Categories.java,org.junit.experimental.categories.Categories,class,11,12,1,11,15,5,0,14,15,0.0,NaN,NaN,6,1,1,5,0,0,1,0,0,0,0,0,0,0,0,0,0,0,1,81,4,3,4,1,0,1,0,2,0,2,2,0,1,0,89,1,0
D:\Others\assignment\FADI_WEDYAN_OOPS\Final_Project_2_Repos\junit-4.1\junit-4.10\junit\runner\TestRunListener.java,junit.runner.TestRunListener,interface,0,0,0,0,6,1,0,0,15,1.0,0.0,0.0,6,0,6,0,0,0,6,0,0,0,2,2,2,0,0,0,2,0,0,10,0,0,0,0,0,0,2,2,0,2,0,0,0,0,38,1,0
D:\Others\assignment\FADI_WEDYAN_OOPS\Final_Project_2_Repos\junit-4.1\junit-4.10\org\junit\experimental\max\MaxHistory.java,org.junit.experimental.max.MaxHistory,class,6,10,4,6,14,2,0,13,31,0.7727273,0.0,0.0,11,2,3,3,0,5,8,0,0,0,4,1,0,4,0,0,4,0,1,96,8,0,0,4,0,0,1,7,0,7,3,0,2,0,88,1,0
D:\Others\assignment\FADI_WEDYAN_OOPS\Final_Project_2_Repos\junit-4.1\junit-4.10\org\junit\rules\TestRule.java,org.junit.rules.TestRule,interface,2,12,10,2,1,1,0,0,0,0.0,NaN,NaN,1,0,0,0,0,1,1,0,0,0,0,0,0,0,0,0,0,0,0,3,0,0,0,0,0,0,0,0,0,0,0,0,0,0,143,1,0
D:\Others\assignment\FADI_WEDYAN_OOPS\Final_Project_2_Repos\junit-4.1\junit-4.10\org\junit\internal\runners\statements\RunBefores.java,org.junit.internal.runners.statements.RunBefores,class,2,4,2,2,3,2,0,2,0,0.0,0.0,0.0,2,0,2,0,0,0,2,0,0,0,3,0,0,3,0,0,3,0,0,14,0,1,0,0,0,0,0,3,0,3,1,0,0,0,15,1,0
D:\Others\assignment\FADI_WEDYAN_OOPS\Final_Project_2_Repos\junit-4.1\junit-4.10\org\junit\internal\runners\JUnit38ClassRunner.java,org.junit.internal.runners.JUnit38ClassRunner,class,16,21,5,16,23,2,1,25,53,0.8181818,0.0,0.0,11,2,7,4,0,0,7,0,0,0,1,0,0,1,0,0,0,0,10,115,9,2,2,0,0,3,4,20,0,20,3,0,1,0,52,1,0
D:\Others\assignment\FADI_WEDYAN_OOPS\Final_Project_2_Repos\junit-4.1\junit-4.10\org\junit\internal\runners\statements\FailOnTimeout.java,org.junit.internal.runners.statements.FailOnTimeout$StatementThread,innerclass,1,1,0,1,4,2,0,1,0,0.33333334,0.0,0.0,2,0,2,0,0,0,2,0,0,0,3,0,0,3,0,0,1,0,0,19,0,0,0,1,0,0,0,5,0,3,1,0,0,0,16,10,0
D:\Others\assignment\FADI_WEDYAN_OOPS\Final_Project_2_Repos\junit-4.1\junit-4.10\junit\extensions\RepeatedTest.java,junit.extensions.RepeatedTest,class,3,3,0,3,7,3,0,4,0,0.25,0.0,0.0,4,0,4,0,0,0,4,0,0,0,1,0,0,1,0,0,0,0,0,20,2,1,0,0,0,2,2,2,2,2,2,0,0,0,26,1,0
D:\Others\assignment\FADI_WEDYAN_OOPS\Final_Project_2_Repos\junit-4.1\junit-4.10\org\junit\experimental\theories\PotentialAssignment.java,org.junit.experimental.theories.PotentialAssignment,class,2,8,6,2,3,3,2,0,3,0.0,0.0,0.0,3,1,3,0,0,0,3,2,0,0,0,0,0,0,0,0,0,0,0,21,1,0,0,0,0,0,0,0,0,0,0,1,1,0,12,1025,0
D:\Others\assignment\FADI_WEDYAN_OOPS\Final_Project_2_Repos\junit-4.1\junit-4.10\org\junit\rules\ExpectedException.java,org.junit.rules.ExpectedException,class,11,12,1,11,9,2,0,7,26,0.75,0.0,0.0,8,1,6,2,0,0,6,0,0,0,1,0,0,1,0,0,0,0,3,53,3,0,1,0,0,1,0,3,0,1,1,1,1,0,70,1,0
D:\Others\assignment\FADI_WEDYAN_OOPS\Final_Project_2_Repos\junit-4.1\junit-4.10\org\junit\rules\ExpectedException.java,org.junit.rules.ExpectedException$Anonymous1,anonymous,2,2,0,2,2,1,0,4,1,0.0,0.0,0.0,2,0,2,0,0,0,2,0,0,0,0,0,0,0,0,0,0,0,0,9,1,0,0,0,0,1,0,0,0,0,0,0,0,0,11,-1,0
D:\Others\assignment\FADI_WEDYAN_OOPS\Final_Project_2_Repos\junit-4.1\junit-4.10\org\junit\internal\runners\model\MultipleFailureException.java,org.junit.internal.runners.model.MultipleFailureException,class,1,2,1,1,1,4,0,0,0,1.0,NaN,NaN,1,0,1,0,0,0,1,0,0,0,1,1,0,1,0,0,1,0,0,6,0,0,0,0,0,0,1,1,0,1,0,0,0,0,11,1,0
D:\Others\assignment\FADI_WEDYAN_OOPS\Final_Project_2_Repos\junit-4.1\junit-4.10\junit\runner\Version.java,junit.runner.Version,class,1,4,3,1,3,1,0,2,3,0.0,0.0,0.0,3,2,2,1,0,0,2,0,0,0,0,0,0,0,0,0,0,0,1,10,1,0,0,0,0,1,0,0,0,0,0,0,0,0,12,1,0
D:\Others\assignment\FADI_WEDYAN_OOPS\Final_Project_2_Repos\junit-4.1\junit-4.10\org\junit\experimental\max\MaxHistory.java,org.junit.experimental.max.MaxHistory$TestComparator,innerclass,3,3,0,3,6,1,0,5,1,0.0,NaN,NaN,2,0,1,1,0,0,1,0,0,0,0,0,0,0,0,0,0,0,0,13,5,0,2,0,0,0,4,2,0,2,1,0,0,0,18,2,0
D:\Others\assignment\FADI_WEDYAN_OOPS\Final_Project_2_Repos\junit-4.1\junit-4.10\org\junit\internal\runners\statements\ExpectException.java,org.junit.internal.runners.statements.ExpectException,class,2,3,1,2,6,2,0,4,0,0.0,0.0,0.0,2,0,2,0,0,0,2,0,0,0,2,0,0,2,0,0,1,0,0,25,0,0,0,1,0,4,0,5,2,4,2,0,0,0,20,1,0
D:\Others\assignment\FADI_WEDYAN_OOPS\Final_Project_2_Repos\junit-4.1\junit-4.10\org\junit\internal\runners\model\ReflectiveCallable.java,org.junit.internal.runners.model.ReflectiveCallable,class,1,4,3,1,3,1,0,2,1,0.0,0.0,0.0,2,0,1,0,1,0,2,1,0,0,0,0,0,0,0,0,0,0,0,11,1,0,0,1,0,0,0,0,0,0,1,0,0,0,21,1025,0
D:\Others\assignment\FADI_WEDYAN_OOPS\Final_Project_2_Repos\junit-4.1\junit-4.10\org\junit\rules\RuleChain.java,org.junit.rules.RuleChain,class,4,5,1,4,6,1,0,6,4,0.6,0.0,0.0,5,2,4,1,0,0,4,0,0,0,2,1,0,2,0,0,1,0,2,23,4,1,0,0,0,0,0,4,0,3,1,0,0,0,76,1,0
D:\Others\assignment\FADI_WEDYAN_OOPS\Final_Project_2_Repos\junit-4.1\junit-4.10\junit\framework\JUnit4TestAdapterCache.java,junit.framework.JUnit4TestAdapterCache$Anonymous1,anonymous,4,4,0,4,3,1,0,6,3,0.0,0.0,0.0,3,0,3,0,0,0,3,0,0,0,0,0,0,0,0,0,0,0,0,11,0,0,0,0,0,0,0,0,0,0,0,0,0,0,10,-1,0
D:\Others\assignment\FADI_WEDYAN_OOPS\Final_Project_2_Repos\junit-4.1\junit-4.10\org\junit\experimental\max\CouldNotReadCoreException.java,org.junit.experimental.max.CouldNotReadCoreException,class,0,1,1,0,1,3,0,0,0,1.0,NaN,NaN,1,0,1,0,0,0,1,0,0,0,1,1,0,1,0,0,1,0,0,6,0,0,0,0,0,0,1,1,0,1,0,0,0,0,22,1,0
D:\Others\assignment\FADI_WEDYAN_OOPS\Final_Project_2_Repos\junit-4.1\junit-4.10\org\junit\runner\notification\RunNotifier.java,org.junit.runner.notification.RunNotifier,class,6,22,16,6,12,1,0,5,47,0.77272725,0.0,0.0,11,0,11,0,0,0,11,0,0,0,2,0,0,2,0,0,1,0,1,87,0,0,0,0,0,0,1,3,0,2,1,7,1,0,132,1,0
D:\Others\assignment\FADI_WEDYAN_OOPS\Final_Project_2_Repos\junit-4.1\junit-4.10\org\junit\internal\runners\rules\RuleFieldValidator.java,org.junit.internal.runners.rules.RuleFieldValidator,enum,7,10,3,7,15,1,0,16,28,0.7222222,NaN,NaN,9,0,1,8,0,0,1,0,0,0,2,0,0,2,0,0,2,0,0,37,2,1,0,0,0,7,0,4,1,4,1,0,0,0,68,1,0
D:\Others\assignment\FADI_WEDYAN_OOPS\Final_Project_2_Repos\junit-4.1\junit-4.10\org\junit\rules\TemporaryFolder.java,org.junit.rules.TemporaryFolder,class,2,3,1,2,14,2,0,10,25,0.5,0.0,0.0,10,0,7,1,2,0,9,0,0,0,1,0,0,1,0,0,0,0,2,48,5,2,2,0,0,4,0,6,0,5,2,0,0,0,83,1,0
D:\Others\assignment\FADI_WEDYAN_OOPS\Final_Project_2_Repos\junit-4.1\junit-4.10\junit\framework\TestResult.java,junit.framework.TestResult$Anonymous1,anonymous,1,1,0,1,1,1,0,1,0,0.0,NaN,NaN,1,0,1,0,0,0,1,0,0,0,0,0,0,0,0,0,0,0,0,5,0,0,0,0,0,0,0,0,0,0,0,0,0,0,2,-1,0
